<?xml version="1.0" encoding="UTF-8"?>
<raweb xmlns:html="http://www.w3.org/1999/xhtml" xmlns:xlink="http://www.w3.org/1999/xlink" xml:lang="en" year="2006"><identification id="algo" isproject="true"><shortname>Algo</shortname><projectName>Algorithms</projectName><theme>SYM</theme><team id="uid1"><participants category="Head_of_project-team"><person><firstname>Bruno</firstname><lastname>Salvy</lastname><affiliation>INRIA</affiliation><categoryPro>Chercheur</categoryPro><moreinfo>Research Director (DR) Inria</moreinfo></person></participants><participants category="Vice-head_of_project_team"><person><firstname>Philippe</firstname><lastname>Flajolet</lastname><affiliation>INRIA</affiliation><categoryPro>Chercheur</categoryPro><moreinfo>Research Director (DR) Inria</moreinfo><hdr>oui</hdr></person></participants><participants category="Administrative_assistant"><person><firstname>Virginie</firstname><lastname>Collette</lastname><affiliation>INRIA</affiliation><categoryPro>Assistant</categoryPro><moreinfo>(TR) Inria</moreinfo></person></participants><participants category="Research_scientists_(Inria)"><person><firstname>Alin</firstname><lastname>Bostan</lastname><affiliation>INRIA</affiliation><categoryPro>Chercheur</categoryPro><moreinfo>Research Associate (CR) Inria</moreinfo></person><person><firstname>Frédéric</firstname><lastname>Chyzak</lastname><affiliation>INRIA</affiliation><categoryPro>Chercheur</categoryPro><moreinfo>Research Associate (CR) Inria</moreinfo></person><person><firstname>Mireille</firstname><lastname>Régnier</lastname><affiliation>INRIA</affiliation><categoryPro>Chercheur</categoryPro><moreinfo>Research Director (DR) Inria</moreinfo><hdr>oui</hdr></person></participants><participants category="Research_scientists_(partners)"><person><firstname>Philippe</firstname><lastname>Dumas</lastname><affiliation>AutreAffiliation</affiliation><categoryPro>AutreCategorie</categoryPro><moreinfo>professeur, Cl. Prépa. lycée Jean-Baptiste Say</moreinfo></person></participants><participants category="Visiting_scientists"><person><firstname>Micha</firstname><lastname>Hofri</lastname><affiliation>UnivEtrangere</affiliation><categoryPro>Visiteur</categoryPro><moreinfo>Worcester Polytechnic Institute, Worcester, MA, USA, until June</moreinfo></person></participants><participants category="Ph._D._students"><person><firstname>Julien</firstname><lastname>Fayolle</lastname><affiliation>INRIA</affiliation><categoryPro>PhD</categoryPro><moreinfo>University of Paris VI, until March</moreinfo></person><person><firstname>Éric</firstname><lastname>Fusy</lastname><affiliation>AutreEtablissementPublic</affiliation><categoryPro>PhD</categoryPro><moreinfo>Détachement du Corps des Télécoms</moreinfo></person><person><firstname>Frédéric</firstname><lastname>Giroire</lastname><affiliation>UnivFr</affiliation><categoryPro>PhD</categoryPro><moreinfo>University of Paris VI, until September</moreinfo></person><person><firstname>Carine</firstname><lastname>Pivoteau</lastname><affiliation>UnivFr</affiliation><categoryPro>PhD</categoryPro><moreinfo>University of Paris VI</moreinfo></person></participants><participants category="PostDoc"><person><firstname>Frédéric</firstname><lastname>Meunier</lastname><affiliation>AutreEtablissementPublic</affiliation><categoryPro>PostDoc</categoryPro><moreinfo>Détachement du Corps des Ponts et Chaussées, from september</moreinfo></person></participants><participants category="Students_intern"><person><firstname>Bruno</firstname><lastname>Besson</lastname><affiliation>UnivFr</affiliation><categoryPro>Stagiaire</categoryPro><moreinfo>University of Paris XI, from March to September</moreinfo></person></participants><participants category="Technical_Staff"><person><firstname>André Derrick</firstname><lastname>Balsa</lastname><affiliation>INRIA</affiliation><categoryPro>Technique</categoryPro><moreinfo>until November</moreinfo></person></participants></team><UR name="Rocquencourt"/></identification><presentation id="uid3"><bodyTitle>Overall Objectives</bodyTitle><subsection id="uid4"><bodyTitle>Overall Objectives</bodyTitle><p>The primal objective of the project, inherited from the former century, is the field of analysis of algorithms. By this is meant a precise quantification of complexity issues associated to the most fundamental algorithms and data structures of computer science. Departing from traditional approaches that, somewhat artificially, place emphasis on worst-case scenarii, the project focuses on average-case and probabilistic analyses, aiming as often as possible at realistic data models. As such, our research is inspired by the pioneering works of Knuth.</p><p>The need to analyze, dimension, and finely optimize algorithms requires an in-depth study of random discrete structures, like words, trees, graphs, and permutations, to name a few. Indeed, a vast majority of the most important algorithms in practice either ``make bets'' on the likely shape of input data or even base themselves of random choices. In this area we are developing a novel approach based on recent theories of combinatorial analysis together with the view that discrete models connect nicely with complex-analytic and asymptotic methods. The resulting theory has been called ``Analytic combinatorics''. Applications of it have been or are currently being worked out in such diverse areas as communication protocols, multidimensional search, data structures for fast retrieval on external storage, data mining applications, the analysis of genomic sequences, and data compression, for instance.</p><p>The analytic-combinatorial approach to the basic processes of computer science is very systematic. It appeared early in the history of the project that its development would greatly benefit from the existence of symbolic manipulation systems and computer algebra. This connection has given rise to an original research programme that we are currently carrying out. Some of the directions pursued include automating the manipulation of combinatorial models (counting, generating function equations, random generation), the development of ``automatic asymptotics'', and the development of a unified view of the theory of special functions. In particular, the project has developed the Maple library <i>Algolib</i>, that addresses several of these issues.
</p></subsection></presentation><fondements id="uid5"><bodyTitle>Scientific Foundations</bodyTitle><subsection id="uid6"><bodyTitle>Analysis of Algorithms</bodyTitle><keyword>analysis of algorithms</keyword><keyword>combinatorial analysis</keyword><keyword>analytic combinatorics</keyword><keyword>random discrete structures</keyword><keyword>index tree</keyword><keyword>hashing methods</keyword><keyword>asymptotic enumeration</keyword><keyword>limit laws</keyword><p>While we know the laws of basic physics and while probabilists have
been setting
up a coherent theory of stochastic processes for about half a century,
the ``laws of combinatorics'', in the sense of the laws governing random
structured configurations of large sizes, are much less understood.
Accordingly, our knowledge in the latter area
is still very much fragmentary. Some of the
difficulties arise from
the large variety of models that tend to arise in real-life
applications—the world of computer scientists and algorithmic
designers is really an artificial world,
much more ``free'' than its physical counterpart.
Some of us have then engaged in the long haul project of trying to offer a
unified perspective in this area. The approach of analytic
combinatorics has evolved from there.</p><p>Analytic combinatorics leads to discovering randomness phenomena
that are ``universal'' (a term actually borrowed from statistical
physics) across seemingly different applications. For instance,
it is found that similar laws govern the behaviour of prime factors in
integers, of irreducible factors in polynomials, of cycles in
permutations, and of components in mappings of a finite set.
Once detected,
such phenomena can then be exploited by specific algorithms that factor
integers (a problem relevant to public-key cryptography), decompose
polynomials (this is needed in computer algebra systems), reorganize
tables in place (this is of obvious interest in the manipulation of various
data sets), and use collisions to estimate the cardinality of
massive data ensembles. The underlying technology bases itself on
generating functions, which exactly describe discrete models,
as well as an interpretation
of these generating functions as analytic transformations of the complex
plane. Singularities together with the associated perturbative theory
then deliver a number of very precise estimates regarding important
characteristics of random discrete structures. The process can be
largely made formal and accessible to computer algebra (see below)
and it may be adapted to the broad area of analysis of algorithms.</p></subsection><subsection id="uid7"><bodyTitle>Computer Algebra</bodyTitle><keyword>asymptotic scales</keyword><keyword>random generation</keyword><keyword>special functions</keyword><keyword>Gröbner bases</keyword><p>Computer algebra at large aims at making
effective large portions of mathematics, paying due attention to
complexity issues. For reasons mentioned above,
our project specifically investigates the way mathematical
objects originating in complex analysis can be dealt with in an
algorithmic way by computer algebra systems. Our main contributions in
this area concern the automation of asymptotic analysis and the handling of
special functions. The mathematical foundations of our algorithms are
deeply rooted in differential algebra (Hardy fields for asymptotic expansions
and Ore algebras for special functions).</p><p>Over the years, in order to automate the average-case analysis of
ever larger classes of algorithms, we have developed algorithms
and implementations for the following problems: the specification of
formally specified combinatorial structures; the
corresponding problems of enumeration and random
generation; the automatic construction of asymptotic scales
which is necessary for extracting the singular behaviour of generating
functions; the automatic computation of asymptotic expansions in such
scales; the automatic computation of asymptotic expansions satisfied
by coefficients of generating series. An
<i>Encyclopedia of Combinatorial Structures</i>, available on the web,
gathers roughly one thousand structures for which generating series,
recurrences, and asymptotic behaviour have been determined automatically
using our libraries.</p><p>An important principle of computer algebra is that it is often easier
to operate with equations defining a mathematical object
implicitly rather than trying to obtain a
``closed-form'' expression of it. The class of linear differential and
difference equations is particularly important in view of the large
variety of functions and sequences they capture.
In this area, we
have developed the highly successful <span class="smallcap" align="left">gfun</span> package (jointly with
P. Zimmermann, from the Spaces project) dealing with the univariate case.
In the multivariate case, we have developed the underlying theory
based on Gröbner bases in Ore algebra, and an implementation in the
<span class="smallcap" align="left">Mgfun</span> package. The algorithmic advances of the past few years
have made it possible to start the implementation of an
<i>Encyclopedia of Special Functions</i>, providing various
information concerning classical functions (of wide use throughout
sciences), including Bessel functions, Airy
functions, .... The corresponding information is all automatically
generated.</p></subsection><subsection id="uid8"><bodyTitle>Algorithms on Sequences</bodyTitle><keyword>combinatorics on words</keyword><keyword>sequences</keyword><keyword>pattern matching</keyword><keyword>genome</keyword><p>The goal of our research on sequences is the design of new algorithms and the computation of their average-case complexity or the derivation of combinatorial results on words and their implementation in statistical software. Possible applications are data compression and genomic sequences. A new area arises in the context of genomic sequences, where biologically significant motifs are extracted. This subject combines algorithms searching for potential signals (the candidates), and computations of statistical significance. For each candidate, the choice criterion is its underrepresentation or overrepresentation. Due to the large number of potential candidates, the speed and the numerical precision of the computation are crucial.</p><p>From a methodological point of view, we exhibit several renewal processes, and the limiting law is usually a Gaussian law. Here, the tail distributions are necessary, as one needs to evaluate the overrepresentation, or the underrepresentation, of a motif. The combinatorial properties of words allow, for this class of problems, an effective computation of formulae valid in the central domain and in the tails. Asymptotic analysis yields an exact expression of the rate function, in the sense of large deviation theory. Simultaneously, we define for each problems some characteristic languages in order to bound the computational complexity in the Markovian case.</p></subsection></fondements><logiciels id="uid9"><bodyTitle>Software</bodyTitle><subsection id="uid10"><bodyTitle>Software</bodyTitle><p>The <i>Algolib</i> library is a set of Maple routines that have been developed in the project for more than 10 years. Several parts of it have been incorporated into the standard library of Maple, but the most up-to-date version is always available for free from our web pages. This library provides: tools for combinatorial structures (the <i>combstruct</i> package), this includes enumeration, random or exhaustive generation, generating functions for a large class of attribute grammars; tools for linear difference and differential equations (the <i>gfun</i> package), which have received a very positive review in Computing Reviews and have been incorporated in N. Sloane's superseeker at Bell Labs; tools for systems of multivariate linear operators (the <i>Mgfun</i> package), including GrËbner bases in Ore algebras, that also treat commutative polynomials and have been the standard way to solve polynomial systems in Maple for a long period (although the user would not notice it); <i>Mgfun</i> has also been chosen at Risc (Linz) as the basis for their package Desing.</p><p>We also provide access to our work to scientists who are not using Maple or any other computer algebra system in the form of automatically generated encyclopedias available on the web.
The Encyclopedia of Combinatorial Structures thus contains more than 1000 combinatorial structures for which generating series, enumeration sequences, recurrences and asymptotic behavior have been computed automatically. It gets more than 16,000 hits per month.
The Encyclopedia of Special Functions gathers around 40 special functions for which identities, power series, asymptotic expansions, graphs,... have been generated automatically, starting from a linear differential equation and its initial conditions. The underlying algorithms and implementations are those of <i>gfun</i> and <i>Mgfun</i>. All the production process being automated, the difficult and expensive step of checking each formula individually is suppressed. Available on the web (<ref xlink:href="http://algo.inria.fr/esf/" location="extern" xlink:type="simple" xlink:show="replace" xlink:actuate="onRequest" xmlns:xlink="http://www.w3.org/1999/xlink" xyref="937563431028">f</ref>http://algo.inria.fr/esf/), this encyclopedia also plays the role of a showcase for part of the packages developed in our project. It gets 27,000 hits per month.</p><p>A new package, <i>MultiSeries</i> has been developed recently. It implements so-called multi-series, that are series in general asymptotic scales, each of whose coefficient is itself potentially a new series. This makes it possible to handle in a transparent and dynamic way the problems of finding the proper asymptotic scale for an expansion and of dealing with the indefinite cancellation problem. This package is designed in such a way that it can take the place of the existing <i>series</i>, <i>asympt</i> and <i>limit</i> Maple functions, in a totally transparent manner.</p><p>Tandem repeats are short repetitions that are hotspots for genome
recombinations and are also related to some genetic diseases.
<i>TandemSWAN</i> searches for degenerate tandem repeats without insertions
and deletions, but with a high substitution rate. It is based on
calculation of the repeat statistical significance and identifies the
length of the repeated unit and the number of repetitions.
It allows for the identification of weak clustered sites, that are
needed for the analysis of several important regulatory systems such as nitrate/nitrite switch.
It is written in C language, using some C++ features.</p><p><i>P-DCFold</i> implements in Java a heuristic algorithm for the prediction of RNA secondary
structures including all kinds of pseudoknots.
It is based on the comparative approach, and its input is a small set
of RNA sequences. It has been applied to <i>tmRNA</i> and <i>RnaseP</i>
sequences.</p></subsection></logiciels><resultats id="uid11"><bodyTitle>New Results</bodyTitle><subsection id="uid12"><bodyTitle>Analysis of algorithms</bodyTitle><participants category="None"><person><firstname>André Derrick</firstname><lastname>Balsa</lastname><affiliation/><categoryPro/></person><person><firstname>Frédéric</firstname><lastname>Chyzak</lastname><affiliation/><categoryPro/></person><person><firstname>Philippe</firstname><lastname>Flajolet</lastname><affiliation/><categoryPro/></person><person><firstname>Éric</firstname><lastname>Fusy</lastname><affiliation/><categoryPro/></person><person><firstname>Frédéric</firstname><lastname>Giroire</lastname><affiliation/><categoryPro/></person><person><firstname>Frédéric</firstname><lastname>Meunier</lastname><affiliation/><categoryPro/></person><person><firstname>Mireille</firstname><lastname>Régnier</lastname><affiliation/><categoryPro/></person><person><firstname>Bruno</firstname><lastname>Salvy</lastname><affiliation/><categoryPro/></person></participants><p>The reference book on analytic combinatorics <ref xlink:href="#bid0" location="biblio" xlink:type="simple" xlink:show="replace" xlink:actuate="onRequest" xmlns:xlink="http://www.w3.org/1999/xlink" xyref="580786611000"/> has almost reached completion.</p><p>Combinatorial enumeration can often be reduced to setting up equations that translate a given
combinatorial-probabilistic model. It has been shown in <ref xlink:href="#bid1" location="biblio" xlink:type="simple" xlink:show="replace" xlink:actuate="onRequest" xmlns:xlink="http://www.w3.org/1999/xlink" xyref="580786611000"/> that an important class of urn models (of
relevance in particular to data structures and algorithms) can be
treated systematically.</p><p>The asymptotic number of occurrences of patterns in random trees obeys a normal low <ref xlink:href="#bid2" location="biblio" xlink:type="simple" xlink:show="replace" xlink:actuate="onRequest" xmlns:xlink="http://www.w3.org/1999/xlink" xyref="580786611000"/>. Moreover, the numerical constants involved in the asymptotic combinatorial results can be computed explicitly by algorithms presented in that article.
Noticeably, these algorithms base on symbolic algorithms to manipulate trees, reminiscent of the unification algorithm.</p><p>The precise probabilistic analysis of pattern occurrences in sequences
is another valuable outcome of analytic combinatorics. We note
here a paper <ref xlink:href="#bid3" location="biblio" xlink:type="simple" xlink:show="replace" xlink:actuate="onRequest" xmlns:xlink="http://www.w3.org/1999/xlink" xyref="580786611000"/> published in the highly selective <i>Journal of the
ACM</i>, which predicts the statistically unavoidable subsequences to be
observed in a random text, a problem originally motivated by intrusion
detection in computer security.</p><p>In general, unlabeled graphs are difficult to handle analytically because of their internal symmetries. The asymptotic enumeration
of
unlabeled outerplanar graphs has been dealt with <ref xlink:href="#bid4" location="biblio" xlink:type="simple" xlink:show="replace" xlink:actuate="onRequest" xmlns:xlink="http://www.w3.org/1999/xlink" xyref="580786611000"/>. This is an important subfamily
of planar graphs. In addition, several asymptotic
properties have been analyzed, regarding the number of edges,
the chromatic number and connectedness.
More generally, unlabeled structures can be handled by techniques descending from Pólya's works <ref xlink:href="#bid5" location="biblio" xlink:type="simple" xlink:show="replace" xlink:actuate="onRequest" xmlns:xlink="http://www.w3.org/1999/xlink" xyref="580786611000"/>.
The key point is the introduction of an unbiased pointing operator.
A striking application is the possibility of sampling
unrooted unlabeled structures uniformly at random without using rejection.
This makes it possible to sample unrooted trees and unlabeled graphs of
very large size. Another random generator, for plane partitions, is given in <ref xlink:href="#bid6" location="biblio" xlink:type="simple" xlink:show="replace" xlink:actuate="onRequest" xmlns:xlink="http://www.w3.org/1999/xlink" xyref="580786611000"/>. These partitions are extensively studied
in statistical physics. The generator is strikingly efficient, being sublinear to generate
a plane partition under the Boltzmann distribution.</p><p>A new efficient algorithm to draw a quadrangulation on a
regular grid has been given in <ref xlink:href="#bid7" location="biblio" xlink:type="simple" xlink:show="replace" xlink:actuate="onRequest" xmlns:xlink="http://www.w3.org/1999/xlink" xyref="580786611000"/>. It exploits some constrained orientations and relies
on simple face-counting operations.</p><p>Tangible progress
has been attained in enlarging the class of functions amenable to the
method of singularity analysis, (e.g., closure through Hadamard products, with a quaint
turn-of-the-1900's mathematical flavour). This has applications to a
number of tree data structures <ref xlink:href="#bid8" location="biblio" xlink:type="simple" xlink:show="replace" xlink:actuate="onRequest" xmlns:xlink="http://www.w3.org/1999/xlink" xyref="580786611000"/>.</p><p>An important data structure for dictionaries, the digital tree, is at the basis of numerous algorithms on words, including compression algorithms. These structures can be analyzed very precisely by methods from analytic combinatorics <ref xlink:href="#bid9" location="biblio" xlink:type="simple" xlink:show="replace" xlink:actuate="onRequest" xmlns:xlink="http://www.w3.org/1999/xlink" xyref="580786611000"/>, <ref xlink:href="#bid10" location="biblio" xlink:type="simple" xlink:show="replace" xlink:actuate="onRequest" xmlns:xlink="http://www.w3.org/1999/xlink" xyref="580786611000"/>.</p><p>Recently, we designed the <span class="smallcap" align="left">LogLog</span> counting algorithm. With a few thousand bits of memory, this algorithm makes it
possible to estimate the number of distinct elements in a stream of
data of several tens of gigabytes, with an accuracy of few percent
(typically 2% with 2048 bytes). Another algorithm, <span class="smallcap" align="left">MinCount</span> has
been adapted to maintain running counts in a ``sliding window'',
without degradation of efficiency <ref xlink:href="#bid11" location="biblio" xlink:type="simple" xlink:show="replace" xlink:actuate="onRequest" xmlns:xlink="http://www.w3.org/1999/xlink" xyref="580786611000"/>. In this context, no a priori
probabilistic assumption is made on the nature of data—the
algorithms are universal. These algorithms have applications in the
area of data mining and especially network monitoring. The current state-of-the-art is given in <ref xlink:href="#bid12" location="biblio" xlink:type="simple" xlink:show="replace" xlink:actuate="onRequest" xmlns:xlink="http://www.w3.org/1999/xlink" xyref="580786611000"/>, with an algorithm that has been
completely analyzed and validated on traffic traces. It proves very efficient
and relevant in the context of traffic monitoring.</p></subsection><subsection id="uid13"><bodyTitle>Computer Algebra</bodyTitle><participants category="None"><person><firstname>Alin</firstname><lastname>Bostan</lastname><affiliation/><categoryPro/></person><person><firstname>Frédéric</firstname><lastname>Chyzak</lastname><affiliation/><categoryPro/></person><person><firstname>Philippe</firstname><lastname>Flajolet</lastname><affiliation/><categoryPro/></person><person><firstname>Bruno</firstname><lastname>Salvy</lastname><affiliation/><categoryPro/></person></participants><p>A pedagogical introduction to computer algebra is given in <ref xlink:href="#bid13" location="biblio" xlink:type="simple" xlink:show="replace" xlink:actuate="onRequest" xmlns:xlink="http://www.w3.org/1999/xlink" xyref="580786611000"/>.</p><p>The manipulation of algebraic numbers gives rise to special bivariate resultants.
While no quasi-optimal algorithm is known in general for bivariate resultants, it
is shown in <ref xlink:href="#bid14" location="biblio" xlink:type="simple" xlink:show="replace" xlink:actuate="onRequest" xmlns:xlink="http://www.w3.org/1999/xlink" xyref="580786611000"/> that composed sums and composed products can be computed fast,
using the first power sums of the roots of polynomials as an intermediate data-structure.</p><p>The computation of polynomial and rational solutions of linear
recurrences with polynomial coefficients is at the heart of many algorithms
related to indefinite or definite summation. In <ref xlink:href="#bid15" location="biblio" xlink:type="simple" xlink:show="replace" xlink:actuate="onRequest" xmlns:xlink="http://www.w3.org/1999/xlink" xyref="580786611000"/>, we showed how
these solutions can be computed efficiently. A key remark is that these
solutions are very structured. This allows to avoid the computation of
their coefficients and, instead, to represent them by a compact data
structure: initial conditions and a recurrence. This idea of change of
representation makes it possible to speed-up the definite and
indefinite summation in the classical hypergeometric case studied by
Zeilberger.</p><p>High precision expansions of power series solutions of differential
equations are needed in various branches of computational mathematics,
from combinatorics, where the desired power series is a generating
function, to numerical analysis and computational number theory.
In <ref xlink:href="#bid16" location="biblio" xlink:type="simple" xlink:show="replace" xlink:actuate="onRequest" xmlns:xlink="http://www.w3.org/1999/xlink" xyref="580786611000"/>, we give fast algorithms for computing many coefficients
of power series solutions of systems of differential equations. The
new algorithms use a number of arithmetic operations which is
quasi-linear in the number of computed terms. Moreover, these
algorithms are optimal, in the sense that the cost of resolution is
proportional to that of checking the solution.</p><p>In <ref xlink:href="#bid17" location="biblio" xlink:type="simple" xlink:show="replace" xlink:actuate="onRequest" xmlns:xlink="http://www.w3.org/1999/xlink" xyref="580786611000"/>, we applied the
previous result to a problem in elliptic curve cryptography. We
introduced an algorithm that computes a special rational morphism
between two elliptic curves; its complexity is quasi-linear with
respect to the degree of the morphism. The new algorithm allows to
speed-up a crucial step of the Schoof-Elkies-Atkin algorithm for
determining the cardinality of an elliptic curve over a finite field.</p><p>For several years, B. Salvy and A. Bostan have been working jointly with the <span class="smallcap" align="left">Lix</span> laboratory of the <i>École polytechnique</i>. This work
applies recent algorithmic progress on straight-line programs and has produced
efficient algorithms and implementations for geometrical
problems. Recently, this work has taken a new direction by extending to the numerical
universe methods
originally designed to deal with multiplicities when searching for symbolic solutions of polynomial systems.
The results obtained by B. Salvy, G. Lecerf (University of Versailles Saint-Quentin-en-Yvelines), M. Giusti (École polytechnique) and J.-C. Yakoubsohn (University of Toulouse) are new versions of Newton's algorithm that are quadratically convergent even in the neighborhood of
a multiple root or a cluster of roots for polynomial systems <ref xlink:href="#bid18" location="biblio" xlink:type="simple" xlink:show="replace" xlink:actuate="onRequest" xmlns:xlink="http://www.w3.org/1999/xlink" xyref="580786611000"/>
under a technical condition of ``embedding dimension 1''.</p></subsection><subsection id="uid14"><bodyTitle>Algorithms on sequences</bodyTitle><participants category="None"><person><firstname>Bruno</firstname><lastname>Besson</lastname><affiliation/><categoryPro/></person><person><firstname>Philippe</firstname><lastname>Flajolet</lastname><affiliation/><categoryPro/></person><person><firstname>Mireille</firstname><lastname>Régnier</lastname><affiliation/><categoryPro/></person><person><firstname>Bruno</firstname><lastname>Salvy</lastname><affiliation/><categoryPro/></person></participants><p>Our goal is to combine analytic combinatorics to establish general
mathematical results and algorithms that provide efficient
optimized implementations for specific data constraints.</p><p>Our group studies combinatorial properties of words in
order to improve searching algorithms and extract unexpectedly
frequent or rare motifs from random sequences. Our main motivation
is to relate such motifs to biological
functions on the genome. Ultimately, statistical or probabilistic
results are
to be integrated into string searching algorithms or
software.</p><p>Starting from exact
counting formulae derived by the tools of analytic combinatorics,
we focus on efficient implementations and tight approximation
derivations.
On the one hand, efficient implementations have been realized for sets of
words,
that rely on automata theory.
Our main application is the study of words, also
called sites on the genome, that may be recognized by different
proteins, in a
competing or synergistic manner. On the other hand, approximations
have been derived,
with a tight error bound. Recent results with A. Denise (Orsay
University) allow to compute the probability
of rare events, commonly called
<i>p-value</i> by bioinformaticians,
with a linear algorithm. This is
a drastic improvement on the existing exponential algorithm.
Tightness of these <i>p-value</i> expressions
allows to compute conditional probabilities, and extract weak signals
hidden by stronger signals.
<i>P-value</i> computation was implemented in software
<i>ScanSeq</i> developed at NIIGenetika,
with whom we collaborate.
As a whole, systematic comparisons of commonly used statistical
criteria for exceptional words,
and precise statements on their validity domains, have been realized
in <ref xlink:href="#bid19" location="biblio" xlink:type="simple" xlink:show="replace" xlink:actuate="onRequest" xmlns:xlink="http://www.w3.org/1999/xlink" xyref="580786611000"/>. In his master's thesis <ref xlink:href="#bid20" location="biblio" xlink:type="simple" xlink:show="replace" xlink:actuate="onRequest" xmlns:xlink="http://www.w3.org/1999/xlink" xyref="580786611000"/>, B. Besson studied the
mathematical grounds of the so-called Position Specific Scoring Matrix
model, PSSM, in favour among biologists. Notably, he established a
link between the number of available experimental data used to build
the model, and the precision and significance of the model obtained.
A special attention has been paid to Tandem Repeats.
Tandem repeats are short repetitions that are hotspots for genome
recombinations and are also related to some genetic diseases.
<i>TandemSWAN</i> searches for degenerate tandem repeats without insertions
and deletions, but with a high substitution rate. It is based on
calculation of the repeat statistical significance and identifies the
length of the repeated unit and the number of repetitions.
It allows for the identification of weak clustered sites, that are
needed for the analysis of several important regulatory systems such
as nitrate/nitrite switch.
The originality of the software
<i>TandemSWan</i>, developed jointly in C with NIIGenetika, is the
implementation of
a procedure to assess the statistical significance of repeats. Such
results
can be implemented in other software, including <i>Mreps</i>
developed at Inria Futurs (Lille) by G. Kucherov.
In a collaboration with D. Papatsenko (UC Berkeley),
<i>TandemSwan</i> results led to establish a relationship
between tandem repeats and regulatory mechanisms.</p><p>RNA secondary structures prediction is a hard problem, as a given
sequence has an exponential number of potential foldings. It is even
worse when pseudo-knots are taken into account. Finding a structure,
e.g., a set of helices, that is common to sequences from
phylogenetically closed organisms turned out to be the most efficient
way. This comparative approach is meaningful as sequencing is
often realized now for closely related genomes.
Our heuristic relies on a few simple probability criteria to
chose common helices, and led recently to a variant, <i>P-DCfold</i>, that
deals with pseudo-knots <ref xlink:href="#bid21" location="biblio" xlink:type="simple" xlink:show="replace" xlink:actuate="onRequest" xmlns:xlink="http://www.w3.org/1999/xlink" xyref="580786611000"/>. It has been applied
to <i>tmRNA</i> and <i>RnaseP</i> sequences.</p></subsection></resultats><contrats id="uid15"><bodyTitle>Contracts and Grants with Industry</bodyTitle><subsection id="uid16"><bodyTitle>Industrial Contracts</bodyTitle><p>The Algorithms Project and Waterloo Maple Inc. (WMI) have developed a
collaboration based on reciprocal interests. It is obviously
interesting for the company to integrate functionalities at the
forefront of the current research in computer algebra. Reciprocally,
this integration makes our programs and our research visible to a very
wide audience.</p><p>Numerous exchanges have thus taken place between the project and the
company over the years. After more than 3 years within the project,
J. Carette has been for several years Product Development Director at
WMI, before going back to the academic world. Similarly, E. Murray,
who worked for two years in the project developing the <tt>combstruct</tt> package is now working at WMI.</p><p>Thanks to all this activity, the company WMI considers <span class="smallcap" align="left">Inria</span> as a
special partner and grants it a free license for all of its research
units. Moreover, a cooperation agreement has been signed between WMI
and <span class="smallcap" align="left">Algo</span> in 2001. In particular, one of the objectives is to
replace all the routines dealing with asymptotic and series expansions
in Maple by implementation of new algorithms dealing with very
general classes of asymptotic scales.</p></subsection></contrats><international id="uid17"><bodyTitle>Other Grants and Activities</bodyTitle><subsection id="uid18"><bodyTitle>National Actions</bodyTitle><p>Alea is a national working group dedicated to the analysis of algorithms and random combinatorial structures. It is a meeting place for mathematicians and computer scientists working in the area of discrete models. It is currently supported by CNRS (GDR A.L.P.) and is globally animated by Philippe Flajolet. In 2005, the yearly meeting (organized by C. Lavault) has gathered in Luminy over 80 participants from about 20 different research laboratories throughout France.</p><p>For the period 2003–2006, the Algo project participates in ACI-NIM a national research programme
exploring New Interfaces of Mathematics. In this context,
we take part in the ACPA project dedicated to paths and trees, probabilities and algorithms,
this jointly with the Universities of Versailles, Bordeaux, and Nancy.</p><p>Since last year, a project called FLUX and involving the <span class="smallcap" align="left">Rap</span> project at <span class="smallcap" align="left">Inria</span>
as well as the University of Montpellier has been funded for a three
year period by the national action ACI-MD relative to massive data: our objective
is to develop high performance algorithms for the quantitative analysis of massive data flows an important problem in the monitoring of high speed computer networks.</p><p>For the period 2006–2009, the Algo project participates in a programme funded by the National Research Agency (ANR) entitled GECKO for ``A Geometric Approach to Complexity and its Applications". Four teams are involved: <span class="smallcap" align="left">Algo</span> (coordinator) and teams at the École polytechnique, the Universities of Toulouse and Nice. The project concentrates on three classes of objects: (i) univariate and multivariate polynomials (Newton process, factorization, elimination); (ii) structured matrices (whose coefficients can be polynomials); (iii) linear differential operators (noncommutative elimination, integration). The aim is to improve significantly the resolution of systems of algebraic or linear differential equations that appear in models, by taking geometry into account.</p><p>The National Research Agency (ANR) has funded this year a research project entitled SADA,
whose goal is to investigate fundamental properties of random discrete structures and algorithms. The project duration is 3 years (Dec. 2005–Dec 2008). It involves five teams: <span class="smallcap" align="left">Algo</span>/<span class="smallcap" align="left">Rap</span> from <span class="smallcap" align="left">Inria</span> Rocquencourt, the Universities of Caen, Versailles, and Bordeaux (coordinator), as well as the Laboratory for Computer Science of the École polytechnique (LIX).</p></subsection><subsection id="uid19"><bodyTitle>Bilateral International Relations</bodyTitle><p><i>Mireille Régnier</i> is the French scientific head of a bioinformatics project supported by the
French program ECO-NET, that involves three teams from Armenia, Kazakhstan and Russia.</p><p>She is a participant of IST INTAS: This is a grant to work on comparative genomics of bacteria. This project is joint with TUM (Munchen), CNR-ITB (Milan), NII-Genetika (Moscow) and Moscow University.
</p></subsection></international><diffusion id="uid20"><bodyTitle>Dissemination</bodyTitle><subsection id="uid21"><bodyTitle>Animation</bodyTitle><p>The <span class="smallcap" align="left">Algo</span> project runs a biweekly seminar devoted to the analysis of
algorithms and related topics. Several partner teams in the grand
Paris area attend on a regular basis, and also take part in a yearly
workshop, Alea. Proceedings are collected and edited.</p><p><i>Alin Bostan</i> has been a member of the program committee of this year's edition of the ISSAC conference (Genoa, Italy), the premier international conference in computer algebra.</p><p><i>Frédéric Chyzak</i> is a co-organizer of the next edition of the French national meeting in computer algebra (JNCF'07), that will gather some 80 participants in Luminy. He is a member of the recruiting committee of Univ. Limoges, in mathematics.</p><p><i>Philippe Flajolet</i> is an editor of the journal Random Structures and Algorithms, an honorary editor of Theoretical Computer Science, and an honour member of the French association SPECIF. He also serves as one of the three editors of Cambridge University Press' prestigious series ``Encyclopedia of Mathematics and its Applications''.</p><p>He serves as Chair of the Steering Committee of the international series of Conferences and Workshops called ``Analysis of Algorithms''. The yearly edition attracts some 80 specialists of the area. He serves in a similar capacity as founder and chair of the French Working Group Alea supported by CNRS: the yearly meetings are held at Luminy near Marseilles, and the participation nears 80 every year.</p><p>For its 35th Special Anniversary Issue, the journal Discrete Mathematics reprinted a selection of 23 papers published in its 37 years, (Volume 306, Issue 10–11). Among them is Philippe Flajolet's 1980 ``Combinatorial Aspects of Continued Fractions''.</p><p>Philippe Flajolet is also an external member of the Recruiting Committee for computer science at the École polytechnique.
Since 2005, Philippe Flajolet has assumed the somewhat heavy responsibility of chairing the Scientific Committee for Mathematics of the newly formed National Research Agency (ANR), which implied the heavy responsibility of launching a programme of some 5 million Euros.
He is a member of the French Academy of Sciences and of the Academia Europaea.</p><p><i>Mireille Régnier</i> has been on the program committee of the
satellite meeting on Regulation of RECOMB'06. She participated to the organization of the new computer science
option at the French <i>agrégation</i> of mathematics. She served in the committee in 2006.</p><p><i>Bruno Salvy</i> has been on the program committee of the conference ``Computational Geometry and Applications'', Nice, 2006 and he is on the program committee for the conference Formal Power Series and Algebraic Combinatorics, Talca, Chile, 2008. He is organizing the working group Computer Algebra of the CNRS GDR IM (``Mathematical Informatics''). He is member of the editorial board of the Journal of Symbolic Computation and of the Journal of Algebra (section Computational Algebra).</p><p>He is a member of the recruiting committees of the University of Lille (in computer science), of the University of La Rochelle (in mathematics), and has been till August this year a member of the scientific council of the University of Versailles. At Inria Rocquencourt, he has organized the committees for post-docs and for the recruitment of researchers from other institutes and universities (détachements and délégations) together with Stéphane Gaubert.</p><p>This year, he has been a reviewer for the PhD L. Fousse (Loria, Nancy) and an external examiner of the PhD thesis of C. Beaumont (U. Canterbury, UK). He has also been in the Habilitation committee of F. Boulier (Lille).
</p></subsection><subsection id="uid22"><bodyTitle>Teaching</bodyTitle><p><i>Frédéric Chyzak</i> teaches several computer science courses
as a <i>chargé d'enseignement à temps incomplet</i> at École
polytechnique including one in computer algebra.</p><p><i>Alin Bostan</i>, <i>Frédéric Chyzak</i>, and <i>Bruno Salvy</i> teach a course in computer algebra together with Marc Giusti (from École polytechnique). This course is part of the <i>Master Parisien de Recherche en Informatique</i> (MPRI).</p><p><i>Philippe Flajolet</i> gives on average 24h/year at the Parisian Master of Research in Computer Science, on the analysis of algorithms.</p><p><i>Mireille Régnier</i> gives 35h/year of courses in the Bioinformatics Master of Évry and Orsay and in École Centrale, Paris, on combinatorics and algorithms in genomics. She participated to a
course on Regulation at Almaty, Kazakhstan, and was also invited to give
one week of postgraduate courses in Almaty.</p></subsection><subsection id="uid23"><bodyTitle>Participation in conferences, seminars, invitations</bodyTitle><p><i>Alin Bostan</i>, <i>Frédéric Chyzak</i>, and <i>Bruno Salvy</i>'s joint work with <i>Thomas Cluzeau</i><ref xlink:href="#bid15" location="biblio" xlink:type="simple" xlink:show="replace" xlink:actuate="onRequest" xmlns:xlink="http://www.w3.org/1999/xlink" xyref="580786611000"/> has been presented at the conference ISSAC'06 (Genova, Italy).</p><p><i>Philippe Flajolet</i> has been an invited speaker at the International Symposium on Theoretical Aspects of Computer Science (STACS 2006) Marseille, France; at the Colloquium on Mathematics and Computer Science: Algorithms, Trees, Combinatorics and Probabilities, Nancy, France; at the conference Gascom'06 on random generation, Dijon, France; at the ACM-SIAM Symposium on Discrete algorithms (SODA'07), New Orleans.</p><p><i>Éric Fusy</i> has been invited for one week in Zurich (jan. 2006), where he colaborated with the algorithms group
and gave a talk on random generation of unlabeled structures at the weekly seminar. He was also invited
in Berlin (june 2006) by the discrete mathematics team, where he gave two talks, at the CGC seminar on
the enumeration of unlabeled maps and at the weekly seminar of discrete mathematics on the problem of counting
bipolar orientations. He has presented the ANR project Flux at the Paristic meeting in Loria, Nancy.</p><p><i>Frédéric Meunier</i> has given a talk at École des Ponts et Chaussées, about a paintshop problem in combinatorial optimization.</p><p><i>Mireille Régnier</i> visited NIH (Moscow) for one week.</p><p><i>Bruno Salvy</i> has been invited to give a talk
at the Mathematical Physics seminar of the University Paris VII (on
``Analytic combinatorics of connected graphs''). He presented a survey of recent work on the resolution linear differential and difference equations in Waterloo (Canada) on the occasion of S. Abramov 60th birthday and in Toulouse for the annual meeting of the Gecko project of the ANR. He has been invited to give a talk on the complexity of Gröbner bases at IMA (Minneapolis) for a workshop on ``Algorithms in Algebraic Geometry''. He has also given a mini-course on ``Automatic Proofs of Special Functions or Combinatorial Identities'' for professors in <i>classes préparatoires</i> at the <i>Journées X-UPS</i>.</p></subsection><subsection id="uid24"><bodyTitle>Foreign Visitors</bodyTitle><p>A large number of our visitors have given talks at the seminar of the project. This year, we received:</p><p>Stefan Gerhold, RISC, University of Linz, Austria;
Jürgen Gerhard, MapleSoft, Waterloo, Canada;
Éric Schost, London, Ontario, Canada;
Antonio Cafure, Universidad de Buenos Aires, Universidad Nacional de General Sarmiento Buenos;
Robin Pemantle, University of Pennsylvania, Philadelphia, PA, USA.</p></subsection></diffusion><biblio id="bibliography" html="bibliography" titre="Bibliography" numero="10"><biblStruct id="bid0" default="NO" TEIform="biblStruct"><monogr TEIform="monogr"><title level="m" TEIform="title">Analytic Combinatorics</title><author TEIform="author"><persName TEIform="persName"><foreName full="yes" TEIform="foreName">Philippe</foreName><surname full="yes" TEIform="surname">Flajolet</surname><initial>P.</initial></persName><persName TEIform="persName"><foreName full="yes" TEIform="foreName">Robert</foreName><surname full="yes" TEIform="surname">Sedgewick</surname><initial>R.</initial></persName></author><note type="bnote" place="unspecified" anchored="yes">Chapters I–IX of a book to be published by Cambridge University Press, 717p.+x, available electronically from P. Flajolet's home page.</note><imprint TEIform="imprint"><publisher TEIform="publisher"><orgName TEIform="orgName">Cambridge University Press</orgName></publisher><dateStruct full="yes" TEIform="dateStruct"><month full="yes" TEIform="month">April</month><year full="yes" TEIform="year">2006</year></dateStruct></imprint></monogr><note type="classification" place="unspecified" anchored="yes">book</note><note type="from" place="unspecified" anchored="yes">year</note><note type="userid" place="unspecified" anchored="yes">cite:FlSe06</note></biblStruct><biblStruct id="bid9" default="NO" TEIform="biblStruct"><monogr TEIform="monogr"><title level="m" TEIform="title">Compression de données sans perte et combinatoire analytique</title><author TEIform="author"><persName TEIform="persName"><foreName full="yes" TEIform="foreName">Julien</foreName><surname full="yes" TEIform="surname">Fayolle</surname><initial>J.</initial></persName></author><note type="typdoc" place="unspecified" anchored="yes">Ph. D. Thesis</note><imprint TEIform="imprint"><publisher TEIform="publisher"><orgName type="school" TEIform="orgName">École doctorale en informatique, télécommunication et électronique de l'Université Pierre et Marie Curie</orgName></publisher><dateStruct full="yes" TEIform="dateStruct"><year full="yes" TEIform="year">2006</year></dateStruct><ref xlink:href="http://algo.inria.fr/papers/pdf/Fayolle06.pdf" location="extern" xlink:type="simple" xlink:show="replace" xlink:actuate="onRequest" xmlns:xlink="http://www.w3.org/1999/xlink" xyref="672543738028">http://algo.inria.fr/papers/pdf/Fayolle06.pdf</ref></imprint></monogr><note type="classification" place="unspecified" anchored="yes">phdthesis</note><note type="from" place="unspecified" anchored="yes">year</note><note type="userid" place="unspecified" anchored="yes">cite:Fayolle06</note></biblStruct><biblStruct id="bid22" default="NO" TEIform="biblStruct"><monogr TEIform="monogr"><title level="m" TEIform="title">Réseaux, algorithmique et analyse combinatoire de grands ensembles</title><author TEIform="author"><persName TEIform="persName"><foreName full="yes" TEIform="foreName">Frédéric</foreName><surname full="yes" TEIform="surname">Giroire</surname><initial>F.</initial></persName></author><note type="typdoc" place="unspecified" anchored="yes">Ph. D. Thesis</note><imprint TEIform="imprint"><publisher TEIform="publisher"><orgName type="school" TEIform="orgName">Université Paris VI</orgName></publisher><dateStruct full="yes" TEIform="dateStruct"><month full="yes" TEIform="month">November</month><year full="yes" TEIform="year">2006</year></dateStruct><ref xlink:href="http://algo.inria.fr/papers/pdf/Giroire06b.pdf" location="extern" xlink:type="simple" xlink:show="replace" xlink:actuate="onRequest" xmlns:xlink="http://www.w3.org/1999/xlink" xyref="2727298218014">http://algo.inria.fr/papers/pdf/Giroire06b.pdf</ref></imprint></monogr><note type="classification" place="unspecified" anchored="yes">phdthesis</note><note type="from" place="unspecified" anchored="yes">year</note><note type="userid" place="unspecified" anchored="yes">cite:Giroire06b</note></biblStruct><biblStruct id="bid26" default="NO" TEIform="biblStruct"><analytic TEIform="analytic"><title level="a" TEIform="title">Short fuzzy tandem repeats in genomic sequences, identification, and possible role in regulation of gene expression</title><author TEIform="author"><persName TEIform="persName"><foreName full="yes" TEIform="foreName">V.</foreName><surname full="yes" TEIform="surname">Boeva</surname><initial>V.</initial></persName><persName TEIform="persName"><foreName full="yes" TEIform="foreName">V.</foreName><surname full="yes" TEIform="surname">Makeev</surname><initial>V.</initial></persName><persName TEIform="persName"><foreName full="yes" TEIform="foreName">D.</foreName><surname full="yes" TEIform="surname">Papatsenko</surname><initial>D.</initial></persName><persName TEIform="persName"><foreName full="yes" TEIform="foreName">M.</foreName><surname full="yes" TEIform="surname">Régnier</surname><initial>M.</initial></persName></author></analytic><monogr TEIform="monogr"><title level="j" TEIform="title">Bioinformatics</title><imprint TEIform="imprint"><biblScope type="volume" TEIform="biblScope">22</biblScope><biblScope type="number" TEIform="biblScope">6</biblScope><dateStruct full="yes" TEIform="dateStruct"><year full="yes" TEIform="year">2006</year></dateStruct><biblScope type="pages" TEIform="biblScope">676–684</biblScope></imprint></monogr><note type="classification" place="unspecified" anchored="yes">article</note><note type="from" place="unspecified" anchored="yes">year</note><note type="userid" place="unspecified" anchored="yes">cite:BoMaPaRe06</note></biblStruct><biblStruct id="bid14" default="NO" TEIform="biblStruct"><analytic TEIform="analytic"><title level="a" TEIform="title">Fast Computation of Special Resultants</title><author TEIform="author"><persName TEIform="persName"><foreName full="yes" TEIform="foreName">Alin</foreName><surname full="yes" TEIform="surname">Bostan</surname><initial>A.</initial></persName><persName TEIform="persName"><foreName full="yes" TEIform="foreName">Philippe</foreName><surname full="yes" TEIform="surname">Flajolet</surname><initial>P.</initial></persName><persName TEIform="persName"><foreName full="yes" TEIform="foreName">Bruno</foreName><surname full="yes" TEIform="surname">Salvy</surname><initial>B.</initial></persName><persName TEIform="persName"><foreName full="yes" TEIform="foreName">Éric</foreName><surname full="yes" TEIform="surname">Schost</surname><initial>É.</initial></persName></author></analytic><monogr TEIform="monogr"><title level="j" TEIform="title">Journal of Symbolic Computation</title><imprint TEIform="imprint"><biblScope type="volume" TEIform="biblScope">41</biblScope><biblScope type="number" TEIform="biblScope">1</biblScope><dateStruct full="yes" TEIform="dateStruct"><month full="yes" TEIform="month">January</month><year full="yes" TEIform="year">2006</year></dateStruct><biblScope type="pages" TEIform="biblScope">1–29</biblScope></imprint></monogr><note type="classification" place="unspecified" anchored="yes">article</note><note type="from" place="unspecified" anchored="yes">year</note><note type="userid" place="unspecified" anchored="yes">cite:BoFlSaSc06</note></biblStruct><biblStruct id="bid23" default="NO" TEIform="biblStruct"><analytic TEIform="analytic"><title level="a" TEIform="title">Linear recurrences with polynomial coefficients and application to integer factorization and Cartier-Manin operator</title><author TEIform="author"><persName TEIform="persName"><foreName full="yes" TEIform="foreName">A.</foreName><surname full="yes" TEIform="surname">Bostan</surname><initial>A.</initial></persName><persName TEIform="persName"><foreName full="yes" TEIform="foreName">P.</foreName><surname full="yes" TEIform="surname">Gaudry</surname><initial>P.</initial></persName><persName TEIform="persName"><foreName full="yes" TEIform="foreName">É.</foreName><surname full="yes" TEIform="surname">Schost</surname><initial>É.</initial></persName></author></analytic><monogr TEIform="monogr"><title level="j" TEIform="title">SIAM Journal on Computing</title><note type="bnote" place="unspecified" anchored="yes">To appear</note><imprint TEIform="imprint"><dateStruct full="yes" TEIform="dateStruct"><year full="yes" TEIform="year">2007</year></dateStruct></imprint></monogr><note type="classification" place="unspecified" anchored="yes">article</note><note type="from" place="unspecified" anchored="yes">year</note><note type="userid" place="unspecified" anchored="yes">cite:BoGaSc06</note></biblStruct><biblStruct id="bid2" default="NO" TEIform="biblStruct"><analytic TEIform="analytic"><title level="a" TEIform="title">The distribution of patterns in random trees</title><author TEIform="author"><persName TEIform="persName"><foreName full="yes" TEIform="foreName">Frédéric</foreName><surname full="yes" TEIform="surname">Chyzak</surname><initial>F.</initial></persName><persName TEIform="persName"><foreName full="yes" TEIform="foreName">Michael</foreName><surname full="yes" TEIform="surname">Drmota</surname><initial>M.</initial></persName><persName TEIform="persName"><foreName full="yes" TEIform="foreName">Thomas</foreName><surname full="yes" TEIform="surname">Klausner</surname><initial>T.</initial></persName><persName TEIform="persName"><foreName full="yes" TEIform="foreName">Gerard</foreName><surname full="yes" TEIform="surname">Kok</surname><initial>G.</initial></persName></author></analytic><monogr TEIform="monogr"><title level="j" TEIform="title">Combinatorics, Probability &amp; Computing</title><note type="bnote" place="unspecified" anchored="yes">To appear</note><imprint TEIform="imprint"><dateStruct full="yes" TEIform="dateStruct"><year full="yes" TEIform="year">2007</year></dateStruct></imprint></monogr><note type="classification" place="unspecified" anchored="yes">article</note><note type="from" place="unspecified" anchored="yes">year</note><note type="userid" place="unspecified" anchored="yes">cite:ChDrKlKo06</note></biblStruct><biblStruct id="bid27" default="NO" TEIform="biblStruct"><analytic TEIform="analytic"><title level="a" TEIform="title">The Fermat cubic, elliptic functions, continued fractions, and a combinatorial excursion</title><author TEIform="author"><persName TEIform="persName"><foreName full="yes" TEIform="foreName">Eric van Fossen</foreName><surname full="yes" TEIform="surname">Conrad</surname><initial>E. v. F.</initial></persName><persName TEIform="persName"><foreName full="yes" TEIform="foreName">Philippe</foreName><surname full="yes" TEIform="surname">Flajolet</surname><initial>P.</initial></persName></author></analytic><monogr TEIform="monogr"><title level="j" TEIform="title">Séminaire Lotharingien de Combinatoire</title><imprint TEIform="imprint"><biblScope type="volume" TEIform="biblScope">54</biblScope><biblScope type="number" TEIform="biblScope">B54g</biblScope><dateStruct full="yes" TEIform="dateStruct"><year full="yes" TEIform="year">2006</year></dateStruct><biblScope type="pages" TEIform="biblScope">1–44</biblScope></imprint></monogr><note type="classification" place="unspecified" anchored="yes">article</note><note type="from" place="unspecified" anchored="yes">year</note><note type="userid" place="unspecified" anchored="yes">cite:CoFl06</note></biblStruct><biblStruct id="bid1" default="NO" TEIform="biblStruct"><analytic TEIform="analytic"><title level="a" TEIform="title">Some exactly solvable models of urn process theory</title><author TEIform="author"><persName TEIform="persName"><foreName full="yes" TEIform="foreName">Philippe</foreName><surname full="yes" TEIform="surname">Flajolet</surname><initial>P.</initial></persName><persName TEIform="persName"><foreName full="yes" TEIform="foreName">Philippe</foreName><surname full="yes" TEIform="surname">Dumas</surname><initial>P.</initial></persName><persName TEIform="persName"><foreName full="yes" TEIform="foreName">Vincent</foreName><surname full="yes" TEIform="surname">Puyhaubert</surname><initial>V.</initial></persName></author></analytic><monogr TEIform="monogr"><title level="j" TEIform="title">Discrete Mathematics &amp; Theoretical Computer Science (Proceedings)</title><imprint TEIform="imprint"><biblScope type="volume" TEIform="biblScope">AG</biblScope><dateStruct full="yes" TEIform="dateStruct"><year full="yes" TEIform="year">2006</year></dateStruct><biblScope type="pages" TEIform="biblScope">59–118</biblScope></imprint></monogr><note type="classification" place="unspecified" anchored="yes">article</note><note type="from" place="unspecified" anchored="yes">year</note><note type="userid" place="unspecified" anchored="yes">cite:FlDuPu06</note></biblStruct><biblStruct id="bid8" default="NO" TEIform="biblStruct"><analytic TEIform="analytic"><title level="a" TEIform="title">A Hybrid of Darboux's Method and Singularity Analysis in Combinatorial Asymptotics</title><author TEIform="author"><persName TEIform="persName"><foreName full="yes" TEIform="foreName">Philippe</foreName><surname full="yes" TEIform="surname">Flajolet</surname><initial>P.</initial></persName><persName TEIform="persName"><foreName full="yes" TEIform="foreName">Éric</foreName><surname full="yes" TEIform="surname">Fusy</surname><initial>É.</initial></persName><persName TEIform="persName"><foreName full="yes" TEIform="foreName">Xavier</foreName><surname full="yes" TEIform="surname">Gourdon</surname><initial>X.</initial></persName><persName TEIform="persName"><foreName full="yes" TEIform="foreName">Daniel</foreName><surname full="yes" TEIform="surname">Panario</surname><initial>D.</initial></persName><persName TEIform="persName"><foreName full="yes" TEIform="foreName">Nicolas</foreName><surname full="yes" TEIform="surname">Pouyanne</surname><initial>N.</initial></persName></author></analytic><monogr TEIform="monogr"><title level="j" TEIform="title">The Electronic Journal of Combinatorics</title><note type="bnote" place="unspecified" anchored="yes">35 pages</note><imprint TEIform="imprint"><biblScope type="volume" TEIform="biblScope">13</biblScope><biblScope type="number" TEIform="biblScope">1</biblScope><dateStruct full="yes" TEIform="dateStruct"><month full="yes" TEIform="month">June</month><year full="yes" TEIform="year">2006</year></dateStruct><biblScope type="pages" TEIform="biblScope">R103</biblScope><ref xlink:href="http://www.combinatorics.org/Volume_13/PDF/v13i1r103.pdf" location="extern" xlink:type="simple" xlink:show="replace" xlink:actuate="onRequest" xmlns:xlink="http://www.w3.org/1999/xlink" xyref="1429767587019">http://www.combinatorics.org/Volume_13/PDF/v13i1r103.pdf</ref></imprint></monogr><note type="classification" place="unspecified" anchored="yes">article</note><note type="from" place="unspecified" anchored="yes">year</note><note type="userid" place="unspecified" anchored="yes">cite:FlFuGoPaPo06</note></biblStruct><biblStruct id="bid28" default="NO" TEIform="biblStruct"><analytic TEIform="analytic"><title level="a" TEIform="title">The scientific works of Rainer Kemp (1949–2004)</title><author TEIform="author"><persName TEIform="persName"><foreName full="yes" TEIform="foreName">Philippe</foreName><surname full="yes" TEIform="surname">Flajolet</surname><initial>P.</initial></persName><persName TEIform="persName"><foreName full="yes" TEIform="foreName">Markus</foreName><surname full="yes" TEIform="surname">Nebel</surname><initial>M.</initial></persName><persName TEIform="persName"><foreName full="yes" TEIform="foreName">Helmut</foreName><surname full="yes" TEIform="surname">Prodinger</surname><initial>H.</initial></persName></author></analytic><monogr TEIform="monogr"><title level="j" TEIform="title">Theoretical Computer Science</title><imprint TEIform="imprint"><biblScope type="volume" TEIform="biblScope">355</biblScope><biblScope type="number" TEIform="biblScope">3</biblScope><dateStruct full="yes" TEIform="dateStruct"><month full="yes" TEIform="month">April</month><year full="yes" TEIform="year">2006</year></dateStruct><biblScope type="pages" TEIform="biblScope">371–381</biblScope></imprint></monogr><note type="classification" place="unspecified" anchored="yes">article</note><note type="from" place="unspecified" anchored="yes">year</note><note type="userid" place="unspecified" anchored="yes">cite:FlNePr06</note></biblStruct><biblStruct id="bid3" default="NO" TEIform="biblStruct"><analytic TEIform="analytic"><title level="a" TEIform="title">Hidden Word Statistics</title><author TEIform="author"><persName TEIform="persName"><foreName full="yes" TEIform="foreName">Philippe</foreName><surname full="yes" TEIform="surname">Flajolet</surname><initial>P.</initial></persName><persName TEIform="persName"><foreName full="yes" TEIform="foreName">Wojciech</foreName><surname full="yes" TEIform="surname">Szpankowski</surname><initial>W.</initial></persName><persName TEIform="persName"><foreName full="yes" TEIform="foreName">Brigitte</foreName><surname full="yes" TEIform="surname">Vallée</surname><initial>B.</initial></persName></author></analytic><monogr TEIform="monogr"><title level="j" TEIform="title">Journal of the ACM</title><imprint TEIform="imprint"><biblScope type="volume" TEIform="biblScope">53</biblScope><biblScope type="number" TEIform="biblScope">1</biblScope><dateStruct full="yes" TEIform="dateStruct"><month full="yes" TEIform="month">January</month><year full="yes" TEIform="year">2006</year></dateStruct><biblScope type="pages" TEIform="biblScope">147–183</biblScope></imprint></monogr><note type="classification" place="unspecified" anchored="yes">article</note><note type="from" place="unspecified" anchored="yes">year</note><note type="userid" place="unspecified" anchored="yes">cite:FlSzVa06</note></biblStruct><biblStruct id="bid29" default="NO" TEIform="biblStruct"><analytic TEIform="analytic"><title level="a" TEIform="title">Counting d-polytopes with (d+3) vertices</title><author TEIform="author"><persName TEIform="persName"><foreName full="yes" TEIform="foreName">Éric</foreName><surname full="yes" TEIform="surname">Fusy</surname><initial>É.</initial></persName></author></analytic><monogr TEIform="monogr"><title level="j" TEIform="title">Electronic Journal of Combinatorics</title><imprint TEIform="imprint"><biblScope type="volume" TEIform="biblScope">13</biblScope><biblScope type="number" TEIform="biblScope">1</biblScope><dateStruct full="yes" TEIform="dateStruct"><year full="yes" TEIform="year">2006</year></dateStruct><ref xlink:href="http://www.combinatorics.org/Volume_13/PDF/v13i1r23.pdf" location="extern" xlink:type="simple" xlink:show="replace" xlink:actuate="onRequest" xmlns:xlink="http://www.w3.org/1999/xlink" xyref="2548094467006">http://www.combinatorics.org/Volume_13/PDF/v13i1r23.pdf</ref></imprint></monogr><note type="classification" place="unspecified" anchored="yes">article</note><note type="from" place="unspecified" anchored="yes">year</note><note type="userid" place="unspecified" anchored="yes">cite:Fusy06c</note></biblStruct><biblStruct id="bid24" default="NO" TEIform="biblStruct"><analytic TEIform="analytic"><title level="a" TEIform="title">Dissections, orientations and trees, with applications to optimal mesh encoding and to random sampling</title><author TEIform="author"><persName TEIform="persName"><foreName full="yes" TEIform="foreName">Éric</foreName><surname full="yes" TEIform="surname">Fusy</surname><initial>É.</initial></persName><persName TEIform="persName"><foreName full="yes" TEIform="foreName">Dominique</foreName><surname full="yes" TEIform="surname">Poullahon</surname><initial>D.</initial></persName><persName TEIform="persName"><foreName full="yes" TEIform="foreName">Gilles</foreName><surname full="yes" TEIform="surname">Schaeffer</surname><initial>G.</initial></persName></author></analytic><monogr TEIform="monogr"><title level="j" TEIform="title">Transactions on algorithms</title><note type="bnote" place="unspecified" anchored="yes">To appear</note><imprint TEIform="imprint"><dateStruct full="yes" TEIform="dateStruct"><year full="yes" TEIform="year">2007</year></dateStruct></imprint></monogr><note type="classification" place="unspecified" anchored="yes">article</note><note type="from" place="unspecified" anchored="yes">year</note><note type="userid" place="unspecified" anchored="yes">cite:FuPoSc06</note></biblStruct><biblStruct id="bid18" default="NO" TEIform="biblStruct"><analytic TEIform="analytic"><title level="a" TEIform="title">On Location and Approximation of Clusters of Zeroes: Case of Embedding Dimension One</title><author TEIform="author"><persName TEIform="persName"><foreName full="yes" TEIform="foreName">Marc</foreName><surname full="yes" TEIform="surname">Giusti</surname><initial>M.</initial></persName><persName TEIform="persName"><foreName full="yes" TEIform="foreName">Grégoire</foreName><surname full="yes" TEIform="surname">Lecerf</surname><initial>G.</initial></persName><persName TEIform="persName"><foreName full="yes" TEIform="foreName">Bruno</foreName><surname full="yes" TEIform="surname">Salvy</surname><initial>B.</initial></persName><persName TEIform="persName"><foreName full="yes" TEIform="foreName">Jean-Claude</foreName><surname full="yes" TEIform="surname">Yakoubsohn</surname><initial>J.-C.</initial></persName></author></analytic><monogr TEIform="monogr"><title level="j" TEIform="title">Foundations of Computational Mathematics</title><imprint TEIform="imprint"><biblScope type="volume" TEIform="biblScope">6</biblScope><biblScope type="number" TEIform="biblScope">3</biblScope><dateStruct full="yes" TEIform="dateStruct"><month full="yes" TEIform="month">July</month><year full="yes" TEIform="year">2006</year></dateStruct><biblScope type="pages" TEIform="biblScope">1–57</biblScope></imprint></monogr><note type="classification" place="unspecified" anchored="yes">article</note><note type="from" place="unspecified" anchored="yes">year</note><note type="userid" place="unspecified" anchored="yes">cite:GiLeSaYa06</note></biblStruct><biblStruct id="bid13" default="NO" TEIform="biblStruct"><analytic TEIform="analytic"><title level="a" TEIform="title">Calcul Formel</title><author TEIform="author"><persName TEIform="persName"><foreName full="yes" TEIform="foreName">Claude</foreName><surname full="yes" TEIform="surname">Gomez</surname><initial>C.</initial></persName><persName TEIform="persName"><foreName full="yes" TEIform="foreName">Bruno</foreName><surname full="yes" TEIform="surname">Salvy</surname><initial>B.</initial></persName></author></analytic><monogr TEIform="monogr"><title level="j" TEIform="title">Les Techniques de l'Ingénieur</title><note type="bnote" place="unspecified" anchored="yes">34 pages, to appear</note><imprint TEIform="imprint"><biblScope type="volume" TEIform="biblScope">Dossier AF1460</biblScope><dateStruct full="yes" TEIform="dateStruct"><year full="yes" TEIform="year">2007</year></dateStruct></imprint></monogr><note type="classification" place="unspecified" anchored="yes">article</note><note type="from" place="unspecified" anchored="yes">year</note><note type="userid" place="unspecified" anchored="yes">cite:GoSa06</note></biblStruct><biblStruct id="bid19" default="NO" TEIform="biblStruct"><analytic TEIform="analytic"><title level="a" TEIform="title">Comparison of Statistical Significance Criteria</title><author TEIform="author"><persName TEIform="persName"><foreName full="yes" TEIform="foreName">M.</foreName><surname full="yes" TEIform="surname">Régnier</surname><initial>M.</initial></persName><persName TEIform="persName"><foreName full="yes" TEIform="foreName">M.</foreName><surname full="yes" TEIform="surname">Vandenbogaert</surname><initial>M.</initial></persName></author></analytic><monogr TEIform="monogr"><title level="j" TEIform="title">Journal of Bioinformatics and Computational Biology</title><imprint TEIform="imprint"><biblScope type="volume" TEIform="biblScope">4</biblScope><biblScope type="number" TEIform="biblScope">2</biblScope><dateStruct full="yes" TEIform="dateStruct"><year full="yes" TEIform="year">2006</year></dateStruct><biblScope type="pages" TEIform="biblScope">537–551</biblScope><ref xlink:href="http://algo.inria.fr/regnier/publis/ReVa05.ps" location="extern" xlink:type="simple" xlink:show="replace" xlink:actuate="onRequest" xmlns:xlink="http://www.w3.org/1999/xlink" xyref="426308327031">http://algo.inria.fr/regnier/publis/ReVa05.ps</ref></imprint></monogr><note type="classification" place="unspecified" anchored="yes">article</note><note type="from" place="unspecified" anchored="yes">year</note><note type="userid" place="unspecified" anchored="yes">cite:ReVa06</note></biblStruct><biblStruct id="bid21" default="NO" TEIform="biblStruct"><analytic TEIform="analytic"><title level="a" TEIform="title">P-dcfold or How to Predict all Kinds of Pseudoknots in RNA Secondary Structures</title><author TEIform="author"><persName TEIform="persName"><foreName full="yes" TEIform="foreName">Fariza</foreName><surname full="yes" TEIform="surname">Tahi</surname><initial>F.</initial></persName><persName TEIform="persName"><foreName full="yes" TEIform="foreName">Stefan</foreName><surname full="yes" TEIform="surname">Engelen</surname><initial>S.</initial></persName><persName TEIform="persName"><foreName full="yes" TEIform="foreName">Mireille</foreName><surname full="yes" TEIform="surname">Régnier</surname><initial>M.</initial></persName></author></analytic><monogr TEIform="monogr"><title level="j" TEIform="title">International Journal on Artificial Intelligence Tools</title><imprint TEIform="imprint"><biblScope type="volume" TEIform="biblScope">5</biblScope><biblScope type="number" TEIform="biblScope">14</biblScope><dateStruct full="yes" TEIform="dateStruct"><year full="yes" TEIform="year">2005</year></dateStruct><biblScope type="pages" TEIform="biblScope">703–716</biblScope></imprint></monogr><note type="classification" place="unspecified" anchored="yes">article</note><note type="from" place="unspecified" anchored="yes">year</note><note type="userid" place="unspecified" anchored="yes">cite:TaEnRe05</note></biblStruct><biblStruct id="bid25" default="NO" TEIform="biblStruct"><analytic TEIform="analytic"><title level="a" TEIform="title">Design of Minimal Fault Tolerant Networks: Asymptotic Bounds</title><author TEIform="author"><persName TEIform="persName"><foreName full="yes" TEIform="foreName">O.</foreName><surname full="yes" TEIform="surname">Amini</surname><initial>O.</initial></persName><persName TEIform="persName"><foreName full="yes" TEIform="foreName">J.-C.</foreName><surname full="yes" TEIform="surname">Bermond</surname><initial>J.-C.</initial></persName><persName TEIform="persName"><foreName full="yes" TEIform="foreName">F.</foreName><surname full="yes" TEIform="surname">Giroire</surname><initial>F.</initial></persName><persName TEIform="persName"><foreName full="yes" TEIform="foreName">F.</foreName><surname full="yes" TEIform="surname">Huc</surname><initial>F.</initial></persName><persName TEIform="persName"><foreName full="yes" TEIform="foreName">S.</foreName><surname full="yes" TEIform="surname">Pérennes</surname><initial>S.</initial></persName></author></analytic><monogr TEIform="monogr"><title level="m" TEIform="title">Huitièmes Rencontres Francophones sur les Aspects Algorithmiques des Télécommunications (AlgoTel'06), Trégastel, France</title><imprint TEIform="imprint"><dateStruct full="yes" TEIform="dateStruct"><month full="yes" TEIform="month">May</month><year full="yes" TEIform="year">2006</year></dateStruct><biblScope type="pages" TEIform="biblScope">37–40</biblScope></imprint></monogr><note type="classification" place="unspecified" anchored="yes">inproceedings</note><note type="from" place="unspecified" anchored="yes">year</note><note type="userid" place="unspecified" anchored="yes">cite:AmBeGiHuPe06</note></biblStruct><biblStruct id="bid6" default="NO" TEIform="biblStruct"><analytic TEIform="analytic"><title level="a" TEIform="title">Random sampling of plane partitions</title><author TEIform="author"><persName TEIform="persName"><foreName full="yes" TEIform="foreName">Olivier</foreName><surname full="yes" TEIform="surname">Bodini</surname><initial>O.</initial></persName><persName TEIform="persName"><foreName full="yes" TEIform="foreName">Éric</foreName><surname full="yes" TEIform="surname">Fusy</surname><initial>É.</initial></persName><persName TEIform="persName"><foreName full="yes" TEIform="foreName">Carine</foreName><surname full="yes" TEIform="surname">Pivoteau</surname><initial>C.</initial></persName></author></analytic><monogr TEIform="monogr"><editor role="editor" TEIform="editor"><persName TEIform="persName"><foreName full="yes" TEIform="foreName">Renzo</foreName><surname full="yes" TEIform="surname">Pinzani</surname><initial>R.</initial></persName><persName TEIform="persName"><foreName full="yes" TEIform="foreName">Vincent</foreName><surname full="yes" TEIform="surname">Vajnovszki</surname><initial>V.</initial></persName></editor><title level="m" TEIform="title">Gascom 2006, Dijon, France</title><imprint TEIform="imprint"><publisher TEIform="publisher"><orgName TEIform="orgName">LE2I</orgName></publisher><dateStruct full="yes" TEIform="dateStruct"><year full="yes" TEIform="year">2006</year></dateStruct><biblScope type="pages" TEIform="biblScope">124–135</biblScope></imprint></monogr><note type="classification" place="unspecified" anchored="yes">inproceedings</note><note type="from" place="unspecified" anchored="yes">year</note><note type="userid" place="unspecified" anchored="yes">cite:BoFuPi06</note></biblStruct><biblStruct id="bid5" default="NO" TEIform="biblStruct"><analytic TEIform="analytic"><title level="a" TEIform="title">An unbiased pointing operator for unlabeled structures, with applications to counting and sampling</title><author TEIform="author"><persName TEIform="persName"><foreName full="yes" TEIform="foreName">Manuel</foreName><surname full="yes" TEIform="surname">Bodirsky</surname><initial>M.</initial></persName><persName TEIform="persName"><foreName full="yes" TEIform="foreName">Éric</foreName><surname full="yes" TEIform="surname">Fusy</surname><initial>É.</initial></persName><persName TEIform="persName"><foreName full="yes" TEIform="foreName">Mihyun</foreName><surname full="yes" TEIform="surname">Kang</surname><initial>M.</initial></persName><persName TEIform="persName"><foreName full="yes" TEIform="foreName">Stefan</foreName><surname full="yes" TEIform="surname">Vigerske</surname><initial>S.</initial></persName></author></analytic><monogr TEIform="monogr"><title level="m" TEIform="title">18th ACM-SIAM Symposium on Discrete Algorithms, New Orleans</title><note type="bnote" place="unspecified" anchored="yes">To appear</note><imprint TEIform="imprint"><dateStruct full="yes" TEIform="dateStruct"><year full="yes" TEIform="year">2007</year></dateStruct></imprint></monogr><note type="classification" place="unspecified" anchored="yes">inproceedings</note><note type="from" place="unspecified" anchored="yes">year</note><note type="userid" place="unspecified" anchored="yes">cite:BoFuKaVi07</note></biblStruct><biblStruct id="bid15" default="NO" TEIform="biblStruct"><analytic TEIform="analytic"><title level="a" TEIform="title">Low Complexity Algorithms for Linear Recurrences</title><author TEIform="author"><persName TEIform="persName"><foreName full="yes" TEIform="foreName">Alin</foreName><surname full="yes" TEIform="surname">Bostan</surname><initial>A.</initial></persName><persName TEIform="persName"><foreName full="yes" TEIform="foreName">Frédéric</foreName><surname full="yes" TEIform="surname">Chyzak</surname><initial>F.</initial></persName><persName TEIform="persName"><foreName full="yes" TEIform="foreName">Thomas</foreName><surname full="yes" TEIform="surname">Cluzeau</surname><initial>T.</initial></persName><persName TEIform="persName"><foreName full="yes" TEIform="foreName">Bruno</foreName><surname full="yes" TEIform="surname">Salvy</surname><initial>B.</initial></persName></author></analytic><monogr TEIform="monogr"><editor role="editor" TEIform="editor"><persName TEIform="persName"><foreName full="yes" TEIform="foreName">Jean-Guillaume</foreName><surname full="yes" TEIform="surname">Dumas</surname><initial>J.-G.</initial></persName></editor><title level="m" TEIform="title">ISSAC'06</title><imprint TEIform="imprint"><publisher TEIform="publisher"><orgName TEIform="orgName">ACM Press</orgName></publisher><dateStruct full="yes" TEIform="dateStruct"><year full="yes" TEIform="year">2006</year></dateStruct><biblScope type="pages" TEIform="biblScope">31–38</biblScope></imprint></monogr><note type="classification" place="unspecified" anchored="yes">inproceedings</note><note type="from" place="unspecified" anchored="yes">year</note><note type="userid" place="unspecified" anchored="yes">cite:BoChClSa06</note></biblStruct><biblStruct id="bid16" default="NO" TEIform="biblStruct"><analytic TEIform="analytic"><title level="a" TEIform="title">Fast computation of power series solutions of systems of differential equations</title><author TEIform="author"><persName TEIform="persName"><foreName full="yes" TEIform="foreName">Alin</foreName><surname full="yes" TEIform="surname">Bostan</surname><initial>A.</initial></persName><persName TEIform="persName"><foreName full="yes" TEIform="foreName">Frédéric</foreName><surname full="yes" TEIform="surname">Chyzak</surname><initial>F.</initial></persName><persName TEIform="persName"><foreName full="yes" TEIform="foreName">François</foreName><surname full="yes" TEIform="surname">Ollivier</surname><initial>F.</initial></persName><persName TEIform="persName"><foreName full="yes" TEIform="foreName">Bruno</foreName><surname full="yes" TEIform="surname">Salvy</surname><initial>B.</initial></persName><persName TEIform="persName"><foreName full="yes" TEIform="foreName">Éric</foreName><surname full="yes" TEIform="surname">Schost</surname><initial>É.</initial></persName><persName TEIform="persName"><foreName full="yes" TEIform="foreName">Alexandre</foreName><surname full="yes" TEIform="surname">Sedoglavic</surname><initial>A.</initial></persName></author></analytic><monogr TEIform="monogr"><title level="m" TEIform="title">18th ACM-SIAM Symposium on Discrete Algorithms</title><note type="bnote" place="unspecified" anchored="yes">New Orleans, January 2007, to appear</note><imprint TEIform="imprint"><dateStruct full="yes" TEIform="dateStruct"><year full="yes" TEIform="year">2007</year></dateStruct></imprint></monogr><note type="classification" place="unspecified" anchored="yes">inproceedings</note><note type="from" place="unspecified" anchored="yes">year</note><note type="userid" place="unspecified" anchored="yes">cite:BoChOlSaScSe07</note></biblStruct><biblStruct id="bid10" default="NO" TEIform="biblStruct"><analytic TEIform="analytic"><title level="a" TEIform="title">The Ubiquitous Digital Tree</title><author TEIform="author"><persName TEIform="persName"><foreName full="yes" TEIform="foreName">Philippe</foreName><surname full="yes" TEIform="surname">Flajolet</surname><initial>P.</initial></persName></author></analytic><monogr TEIform="monogr"><editor role="editor" TEIform="editor"><persName TEIform="persName"><foreName full="yes" TEIform="foreName">Bruno</foreName><surname full="yes" TEIform="surname">Durand</surname><initial>B.</initial></persName><persName TEIform="persName"><foreName full="yes" TEIform="foreName">Wolfgang</foreName><surname full="yes" TEIform="surname">Thomas</surname><initial>W.</initial></persName></editor><title level="m" TEIform="title">STACS 2006</title><title level="s" TEIform="title">Lecture Notes in Computer Science</title><note type="bnote" place="unspecified" anchored="yes">Proceedings of 23rd Annual Symposium on Theoretical Aspects of Computer Science, Marseille, February 2006.</note><imprint TEIform="imprint"><biblScope type="volume" TEIform="biblScope">3884</biblScope><dateStruct full="yes" TEIform="dateStruct"><year full="yes" TEIform="year">2006</year></dateStruct><biblScope type="pages" TEIform="biblScope">1–22</biblScope></imprint></monogr><note type="classification" place="unspecified" anchored="yes">inproceedings</note><note type="from" place="unspecified" anchored="yes">year</note><note type="userid" place="unspecified" anchored="yes">cite:Flajolet06</note></biblStruct><biblStruct id="bid30" default="NO" TEIform="biblStruct"><analytic TEIform="analytic"><title level="a" TEIform="title">Transversal structures on triangulations, with application to straight-line drawing</title><author TEIform="author"><persName TEIform="persName"><foreName full="yes" TEIform="foreName">Éric</foreName><surname full="yes" TEIform="surname">Fusy</surname><initial>É.</initial></persName></author></analytic><monogr TEIform="monogr"><editor role="editor" TEIform="editor"><persName TEIform="persName"><foreName full="yes" TEIform="foreName">Patrick</foreName><surname full="yes" TEIform="surname">Healy</surname><initial>P.</initial></persName><persName TEIform="persName"><foreName full="yes" TEIform="foreName">Nikola S.</foreName><surname full="yes" TEIform="surname">Nikolov</surname><initial>N. S.</initial></persName></editor><title level="m" TEIform="title">Graph Drawing 2005</title><title level="s" TEIform="title">Lecture Notes in Computer Science</title><note type="bnote" place="unspecified" anchored="yes">Limerick, Ireland, September 12–14, 2005</note><imprint TEIform="imprint"><biblScope type="volume" TEIform="biblScope">3843</biblScope><publisher TEIform="publisher"><orgName TEIform="orgName">Springer</orgName></publisher><dateStruct full="yes" TEIform="dateStruct"><year full="yes" TEIform="year">2006</year></dateStruct><biblScope type="pages" TEIform="biblScope">177–188</biblScope></imprint></monogr><note type="classification" place="unspecified" anchored="yes">inproceedings</note><note type="from" place="unspecified" anchored="yes">year</note><note type="userid" place="unspecified" anchored="yes">cite:Fusy06a</note></biblStruct><biblStruct id="bid7" default="NO" TEIform="biblStruct"><analytic TEIform="analytic"><title level="a" TEIform="title">Straight-line drawing of quadrangulations</title><author TEIform="author"><persName TEIform="persName"><foreName full="yes" TEIform="foreName">Éric</foreName><surname full="yes" TEIform="surname">Fusy</surname><initial>É.</initial></persName></author></analytic><monogr TEIform="monogr"><title level="m" TEIform="title">Graph Drawing 2006</title><note type="bnote" place="unspecified" anchored="yes">Karlsruhe, Germany, September 18–20, 2006, to appear</note><imprint TEIform="imprint"><publisher TEIform="publisher"><orgName TEIform="orgName">Springer-Verlag</orgName></publisher><dateStruct full="yes" TEIform="dateStruct"><year full="yes" TEIform="year">2007</year></dateStruct></imprint></monogr><note type="classification" place="unspecified" anchored="yes">inproceedings</note><note type="from" place="unspecified" anchored="yes">year</note><note type="userid" place="unspecified" anchored="yes">cite:Fusy06b</note></biblStruct><biblStruct id="bid12" default="NO" TEIform="biblStruct"><analytic TEIform="analytic"><title level="a" TEIform="title">Estimating the number of active flows in a data stream over a sliding window</title><author TEIform="author"><persName TEIform="persName"><foreName full="yes" TEIform="foreName">Éric</foreName><surname full="yes" TEIform="surname">Fusy</surname><initial>É.</initial></persName><persName TEIform="persName"><foreName full="yes" TEIform="foreName">Frédéric</foreName><surname full="yes" TEIform="surname">Giroire</surname><initial>F.</initial></persName></author></analytic><monogr TEIform="monogr"><title level="m" TEIform="title">ANALCO'07 (New Orleans)</title><note type="bnote" place="unspecified" anchored="yes">To appear</note><imprint TEIform="imprint"><dateStruct full="yes" TEIform="dateStruct"><year full="yes" TEIform="year">2007</year></dateStruct></imprint></monogr><note type="classification" place="unspecified" anchored="yes">inproceedings</note><note type="from" place="unspecified" anchored="yes">year</note><note type="userid" place="unspecified" anchored="yes">cite:FuGi07</note></biblStruct><biblStruct id="bid11" default="NO" TEIform="biblStruct"><analytic TEIform="analytic"><title level="a" TEIform="title">Directions to use Probabilistic Algorithms for Cardinality for DNA Analysis</title><author TEIform="author"><persName TEIform="persName"><foreName full="yes" TEIform="foreName">F.</foreName><surname full="yes" TEIform="surname">Giroire</surname><initial>F.</initial></persName></author></analytic><monogr TEIform="monogr"><title level="m" TEIform="title">Journées Ouvertes Biologie Informatique Mathématiques (JOBIM 2006)</title><imprint TEIform="imprint"><dateStruct full="yes" TEIform="dateStruct"><month full="yes" TEIform="month">July</month><year full="yes" TEIform="year">2006</year></dateStruct><biblScope type="pages" TEIform="biblScope">3–5</biblScope></imprint></monogr><note type="classification" place="unspecified" anchored="yes">inproceedings</note><note type="from" place="unspecified" anchored="yes">year</note><note type="userid" place="unspecified" anchored="yes">cite:Giroire06</note></biblStruct><biblStruct id="bid17" default="NO" TEIform="biblStruct"><monogr TEIform="monogr"><title level="m" TEIform="title">Fast algorithms for computing isogenies between elliptic curves</title><author TEIform="author"><persName TEIform="persName"><foreName full="yes" TEIform="foreName">Alin</foreName><surname full="yes" TEIform="surname">Bostan</surname><initial>A.</initial></persName><persName TEIform="persName"><foreName full="yes" TEIform="foreName">François</foreName><surname full="yes" TEIform="surname">Morain</surname><initial>F.</initial></persName><persName TEIform="persName"><foreName full="yes" TEIform="foreName">Bruno</foreName><surname full="yes" TEIform="surname">Salvy</surname><initial>B.</initial></persName><persName TEIform="persName"><foreName full="yes" TEIform="foreName">Éric</foreName><surname full="yes" TEIform="surname">Schost</surname><initial>É.</initial></persName></author><note type="bnote" place="unspecified" anchored="yes">Submitted</note><note type="typdoc" place="unspecified" anchored="yes">Technical report</note><imprint TEIform="imprint"><biblScope type="number" TEIform="biblScope">91441</biblScope><publisher TEIform="publisher"><orgName type="institution" TEIform="orgName">Inria</orgName></publisher><dateStruct full="yes" TEIform="dateStruct"><year full="yes" TEIform="year">2006</year></dateStruct><ref xlink:href="https://hal.inria.fr/inria-00091441" location="extern" xlink:type="simple" xlink:show="replace" xlink:actuate="onRequest" xmlns:xlink="http://www.w3.org/1999/xlink">https://hal.inria.fr/inria-00091441</ref></imprint></monogr><note type="classification" place="unspecified" anchored="yes">techreport</note><note type="from" place="unspecified" anchored="yes">year</note><note type="userid" place="unspecified" anchored="yes">cite:BoMoSaSc06</note></biblStruct><biblStruct id="bid20" default="NO" TEIform="biblStruct"><monogr TEIform="monogr"><title level="m" TEIform="title">Matrices poids-position : principes et algorithmes</title><author TEIform="author"><persName TEIform="persName"><foreName full="yes" TEIform="foreName">Bruno</foreName><surname full="yes" TEIform="surname">Besson</surname><initial>B.</initial></persName></author><note type="bnote" place="unspecified" anchored="yes">Mémoire de Master 2, Université Paris XI</note><imprint TEIform="imprint"><dateStruct full="yes" TEIform="dateStruct"><year full="yes" TEIform="year">2006</year></dateStruct></imprint></monogr><note type="classification" place="unspecified" anchored="yes">misc</note><note type="from" place="unspecified" anchored="yes">year</note><note type="userid" place="unspecified" anchored="yes">cite:Besson06</note></biblStruct><biblStruct id="bid4" default="NO" TEIform="biblStruct"><monogr TEIform="monogr"><title level="m" TEIform="title">Enumeration of unlabeled outerplanar graphs</title><author TEIform="author"><persName TEIform="persName"><foreName full="yes" TEIform="foreName">Manuel</foreName><surname full="yes" TEIform="surname">Bodirsky</surname><initial>M.</initial></persName><persName TEIform="persName"><foreName full="yes" TEIform="foreName">Éric</foreName><surname full="yes" TEIform="surname">Fusy</surname><initial>É.</initial></persName><persName TEIform="persName"><foreName full="yes" TEIform="foreName">Mihyun</foreName><surname full="yes" TEIform="surname">Kang</surname><initial>M.</initial></persName><persName TEIform="persName"><foreName full="yes" TEIform="foreName">Stefan</foreName><surname full="yes" TEIform="surname">Vigerske</surname><initial>S.</initial></persName></author><imprint TEIform="imprint"><dateStruct full="yes" TEIform="dateStruct"><month full="yes" TEIform="month">February</month><year full="yes" TEIform="year">2006</year></dateStruct></imprint></monogr><note type="howpublished" place="unspecified" anchored="yes">Submitted</note><note type="classification" place="unspecified" anchored="yes">misc</note><note type="from" place="unspecified" anchored="yes">year</note><note type="userid" place="unspecified" anchored="yes">cite:BoFuKaVi06</note></biblStruct></biblio></raweb>